0,126,211,photo5766910033983027291-removebg-preview.png,500,500
1,127,249,photo5766910033983027291-removebg-preview.png,500,500
2,133,284,photo5766910033983027291-removebg-preview.png,500,500
3,154,307,photo5766910033983027291-removebg-preview.png,500,500
4,168,322,photo5766910033983027291-removebg-preview.png,500,500
5,180,339,photo5766910033983027291-removebg-preview.png,500,500
6,191,355,photo5766910033983027291-removebg-preview.png,500,500
7,211,373,photo5766910033983027291-removebg-preview.png,500,500
8,249,381,photo5766910033983027291-removebg-preview.png,500,500
9,290,372,photo5766910033983027291-removebg-preview.png,500,500
10,308,355,photo5766910033983027291-removebg-preview.png,500,500
11,319,336,photo5766910033983027291-removebg-preview.png,500,500
12,333,319,photo5766910033983027291-removebg-preview.png,500,500
13,349,302,photo5766910033983027291-removebg-preview.png,500,500
14,366,286,photo5766910033983027291-removebg-preview.png,500,500
15,372,252,photo5766910033983027291-removebg-preview.png,500,500
16,369,212,photo5766910033983027291-removebg-preview.png,500,500